Z,lieb,nam,hps_s2,hps_s3,hps_simplified,best_published,best_name
1,2.000000000000000000,4.219999999999999751,,,,2.000000000000000000,lieb
2,4.000000000000000000,6.219763149684618853,6.143579870061919301,,,4.000000000000000000,lieb
3,6.000000000000000000,7.986748710922224603,7.890379071669570976,,,6.000000000000000000,lieb
4,8.000000000000000000,9.642203155904597978,9.527134238572060099,10.801690301231777980,10.823604207872797645,8.000000000000000000,lieb
5,10.000000000000000000,11.229927840030089925,11.097062708095759120,12.388782146529857542,12.432403786706787585,10.000000000000000000,lieb
6,12.000000000000000000,12.771361778496419959,12.621317641902418671,13.917968136830939585,13.979482371328558088,12.000000000000000000,lieb
7,14.000000000000000000,14.278793548317166184,14.112023769312102672,15.404411878920774015,15.481224731089556101,14.000000000000000000,lieb
8,16.000000000000000000,15.759999999999999787,15.576854249492379623,16.857770393621652971,16.948000000000000398,15.576854249492379623,hps_s2
9,18.000000000000000000,17.220251469155712698,17.021009146912561505,18.284619036698064320,18.386835292207617698,17.021009146912561505,hps_s2
10,20.000000000000000000,18.663304070095648513,18.448194494359853479,19.689661209682352450,19.802738760127535755,18.448194494359853479,hps_s2
11,22.000000000000000000,20.091940271707947829,19.861155661137196660,21.076391426207642610,21.199420362277258789,19.861155661137196660,hps_s2
12,24.000000000000000000,21.508285455319992252,21.261989690154294408,22.447485484963216607,22.579713940426657359,21.261989690154294408,hps_s2
13,26.000000000000000000,22.914004063162270342,22.652338831078559167,23.805043189099695411,23.945838750883030599,22.652338831078559167,hps_s2
14,28.000000000000000000,24.310426792525689166,24.033516038570343909,25.150746259360829526,25.299569056700917713,24.033516038570343909,hps_s2
15,30.000000000000000000,25.698636222991410705,25.406589457816401989,26.485964939518929384,26.642348297321881034,25.406589457816401989,hps_s2
16,32.000000000000000000,27.079526299369238274,26.772441114362408143,27.811832231386095060,27.975368399158988097,26.772441114362408143,hps_s2
17,34.000000000000000000,28.453844771974704742,28.131808788519681030,29.129296972282137546,29.299626362632942289,28.131808788519681030,hps_s2
18,36.000000000000000000,29.822224182626690947,29.485316588216189615,30.439162659458158799,30.615965576835588280,29.485316588216189615,hps_s2
19,38.000000000000000000,31.185204946165832496,30.833497722761357807,31.742116418359270114,31.925106594887779465,30.833497722761357807,hps_s2
20,40.000000000000000000,32.543252849784721548,32.176811768851877105,33.038750997613512084,33.227670466379628067,32.176811768851877105,hps_s2
21,42.000000000000000000,33.896772529143362362,33.515657967005608953,34.329581729918672295,34.524196705524481388,33.515657967005608953,hps_s2
22,44.000000000000000000,35.246117991966158911,34.850385604843985732,35.615059793034653524,35.815157322621544722,34.850385604843985732,hps_s2
23,46.000000000000000000,36.591600939554695060,36.181302227651229941,36.895582707528468802,37.100967919406258488,36.181302227651229941,hps_s2
24,48.000000000000000000,37.933497421844450059,37.508680204696993599,38.171502740801166453,38.381996562459264055,37.508680204696993599,hps_s2
25,50.000000000000000000,39.272053214638596330,38.832762034773764981,39.443133703842306659,39.658570952851462721,38.832762034773764981,hps_s2
26,52.000000000000000000,40.607488205222111333,40.153764673336048929,40.710756499394555874,40.930984273629483994,40.153764673336048929,hps_s2
27,54.000000000000000000,41.939999999999997726,41.471883092036776475,41.974623689584177555,42.199500000000000455,41.471883092036776475,hps_s2
28,56.000000000000000000,43.269766915626981074,42.787293229975290387,43.234963285823944545,43.464355887502648557,42.787293229975290387,hps_s2
29,58.000000000000000000,44.596950477057546891,44.100154458439980942,44.491981916171354783,44.725767302743392406,44.100154458439980942,hps_s2
30,60.000000000000000000,45.921697517861574056,45.410611653219845607,45.745867490127615440,45.983930023815432264,45.410611653219845607,hps_s2
31,62.000000000000000000,47.244141957174178970,46.718796947861491731,46.996791454545146394,47.239022609565573418,46.718796947861491731,hps_s2
32,64.000000000000000000,48.564406311809193539,48.024831225621255726,48.244910714422395870,48.491208415745596483,48.024831225621255726,hps_s2
33,66.000000000000000000,49.882602989987475439,49.328825395943709964,49.490369277183297925,49.740637319983306952,49.328825395943709964,hps_s2
34,68.000000000000000000,51.198835403832447355,50.630881492123961607,50.733299667342812711,50.987447205109937443,50.630881492123961607,hps_s2
35,70.000000000000000000,52.513198930565764044,51.931093619687388241,51.973824149370784653,52.231765240754356228,51.931093619687388241,hps_s2
36,72.000000000000000000,53.825781746683880158,53.229548779443803141,53.212055789446623066,53.473708995578512315,53.212055789446623066,hps_s3
37,74.000000000000000000,55.136665554937863476,54.526327584774278989,54.448099381176454870,54.713387406583812833,54.448099381176454870,hps_s3
38,76.000000000000000000,56.445926220396884787,55.821504889213734657,55.682052255876243407,55.950901627195854360,55.682052255876243407,hps_s3
39,78.000000000000000000,57.753634329042498052,57.115150337597285102,56.914004994448227137,57.186345772056668579,56.914004994448227137,hps_s3
40,80.000000000000000000,59.059855680060181271,58.407328851787944757,58.144042054997363778,58.419807573413578439,58.144042054997363778,hps_s3
41,82.000000000000000000,60.364651721148185004,59.698101060181329558,59.372242328001085809,59.651368961530920387,59.372242328001085809,hps_s3
42,84.000000000000000000,61.668079934659353114,60.987523678698885021,60.598679628943600051,60.881106579545800628,60.598679628943600051,hps_s3
43,86.000000000000000000,62.970194181160174196,62.275649849766239186,61.823423136768226982,62.109092241546896673,61.823423136768226982,hps_s3
44,88.000000000000000000,64.271045005978180598,63.562529444773232967,63.046537785218468741,63.335393341304254022,63.046537785218468741,hps_s3
45,90.000000000000000000,65.570679913470186762,64.848209334685222416,64.268084613077519407,64.560073217960251668,64.268084613077519407,hps_s3
46,92.000000000000000000,66.869143613047839381,66.132733632788387013,65.488121078433110256,65.783191484063792132,65.488121078433110256,hps_s3
47,94.000000000000000000,68.166478240416083167,67.416143912978270691,66.706701341359206481,67.004804320554782748,66.706701341359206481,hps_s3
48,96.000000000000000000,69.462723556992841623,68.698479406520547741,67.923876518787807299,68.224964742657121519,67.923876518787807299,hps_s3
49,98.000000000000000000,70.757917130068918254,69.979777179808820620,69.139694914824829652,69.443722840091879789,69.139694914824829652,hps_s3
50,100.000000000000000000,72.052094495921153339,71.260072295302919088,70.354202229325665030,70.661125994561544417,70.354202229325665030,hps_s3
51,102.000000000000000000,73.345289307798566369,72.539397957541837059,71.567441747172978239,71.877219077064751218,71.567441747172978239,hps_s3
52,104.000000000000000000,74.637533470451742801,73.817785645879524736,72.779454510382905141,73.092044627268990098,72.779454510382905141,hps_s3
53,106.000000000000000000,75.928857262663214556,75.095265235381390312,73.990279474895785938,74.305643016884289409,73.990279474895785938,hps_s3
54,108.000000000000000000,77.219289449053860608,76.371865107140038731,75.199953653675308374,75.518052598738478309,75.199953653675308374,hps_s3
55,110.000000000000000000,78.508857382284162441,77.647612249113834082,76.408512247541779061,76.729309843045570005,76.408512247541779061,hps_s3
56,112.000000000000000000,79.797587096634330806,78.922532348459199625,77.615988764993019799,77.939449462179112516,77.615988764993019799,hps_s3
57,114.000000000000000000,81.085503393830407504,80.196649876212546815,78.822415132118763381,79.148504525107213681,78.822415132118763381,hps_s3
58,116.000000000000000000,82.372629921883401494,81.469988165078021325,80.027821793586014110,80.356506562511185621,80.027821793586014110,hps_s3
59,118.000000000000000000,83.658989247619786056,82.742569480991150499,81.232237805561140931,81.563485663493040079,81.232237805561140931,hps_s3
60,120.000000000000000000,84.944602923506593584,84.014415089052690178,82.435690921337226200,82.769470564675458490,82.435690921337226200,hps_s3
61,122.000000000000000000,86.229491549306516163,85.285545314361826286,83.638207670351164325,83.974488732408687497,83.638207670351164325,hps_s3
62,124.000000000000000000,87.513674829041221415,86.555979598219948912,84.839813431199488036,85.178566438721631471,84.839813431199488036,hps_s3
63,126.000000000000000000,88.797171623689166609,87.825736550125810709,86.040532499198164373,86.381728831585576245,86.040532499198164373,hps_s3
64,128.000000000000000000,90.079999999999998295,89.094833995939040960,87.240388148973238458,87.584000000000003183,87.240388148973238458,hps_s3
65,130.000000000000000000,91.362177275767166407,90.363289022549196261,88.439402692519607285,88.785403034356235707,88.439402692519607285,hps_s3
66,132.000000000000000000,92.643720061866559945,91.631118019353806403,89.637597533120214166,89.985960082488759326,89.637597533120214166,hps_s3
67,134.000000000000000000,93.924644301337025354,92.898336716817894398,90.834993215478604611,91.185692401782731054,90.834993215478604611,hps_s3
68,136.000000000000000000,95.204965305752040194,94.164960222360576836,92.031609472383237858,92.384620407669402198,92.031609472383237858,hps_s3
69,138.000000000000000000,96.484697789107030985,95.431003053790718127,93.227465268190414349,93.582763718809388820,93.227465268190414349,hps_s3
70,140.000000000000000000,97.763855899425664120,96.696479170491656419,94.422578839385735705,94.780141199234222427,94.422578839385735705,hps_s3
71,142.000000000000000000,99.042453248268557786,97.961402002536516420,95.616967732458675755,95.976770997691403409,95.616967732458675755,hps_s3
72,144.000000000000000000,100.320502938311420849,99.225784477898685054,96.810648839303951263,97.172670584415243411,96.810648839303951263,hps_s3
73,146.000000000000000000,101.598017589143694295,100.489639047906408109,98.003638430342419952,98.367856785524935503,98.003638430342419952,hps_s3
74,148.000000000000000000,102.875009361425227894,101.752977711077392087,99.195952185538217805,99.562345815233641133,99.195952185538217805,hps_s3
75,150.000000000000000000,104.151489979526232332,103.015812035456946205,100.387605223471524596,100.756153306034988759,100.387605223471524596,hps_s3
76,152.000000000000000000,105.427470752764676831,104.278153179572086628,101.578612128613571031,101.949294337019580325,101.578612128613571031,hps_s3
77,154.000000000000000000,106.702962595345013597,105.540011912104574776,102.768986976936844258,103.141783460460018773,102.768986976936844258,hps_s3
78,156.000000000000000000,107.977976045093754465,106.801398630376525034,103.958743359982406673,104.333634726791672165,103.958743359982406673,hps_s3
79,158.000000000000000000,109.252521281078614379,108.062323377734827545,105.147894407495613223,105.524861708104836566,105.147894407495613223,hps_s3
80,160.000000000000000000,110.526608140191299867,109.322795859912559990,106.336452808732602193,106.715477520255063837,106.336452808732602193,hps_s3
81,162.000000000000000000,111.800246132766659457,110.582825460440119514,107.524430832530839552,107.905494843688899209,107.524430832530839552,hps_s3
82,164.000000000000000000,113.073444457305825495,111.842421255171984740,108.711840346230218302,109.094925943074443353,108.711840346230218302,hps_s3
83,166.000000000000000000,114.346212014364510878,113.101592025989759804,109.898692833522986234,110.283782685819360836,109.898692833522986234,hps_s3
84,168.000000000000000000,115.618557419663673613,114.360346273738144873,111.084999411305901162,111.472076559551567243,111.084999411305901162,hps_s3
85,170.000000000000000000,116.890489016474532491,115.618692230444736424,112.270770845601234100,112.659818688632725525,112.270770845601234100,hps_s3
86,172.000000000000000000,118.162014887326307644,116.876637870871704195,113.456017566608380776,113.847019849768415156,113.456017566608380776,hps_s3
87,174.000000000000000000,119.433142865080895945,118.134190923442787380,114.640749682943166476,115.033690486774531792,114.640749682943166476,hps_s3
88,176.000000000000000000,120.703880543415891680,119.391358880586523128,115.824976995117268075,116.219840724554515532,115.824976995117268075,hps_s3
89,178.000000000000000000,121.974235286753611263,120.648149008532953985,117.008709008306936994,117.405480382338154755,117.008709008306936994,hps_s3
90,180.000000000000000000,123.244214239671492805,121.904568356598474566,118.191954944455261511,118.590618986228662379,118.191954944455261511,hps_s3
91,182.000000000000000000,124.513824335826242873,123.160623765991047662,119.374723753750444644,119.775265781101666107,119.374723753750444644,hps_s3
92,184.000000000000000000,125.783072306421999542,124.416321878165419434,120.557024125518239543,120.959429741896002497,120.557024125518239543,hps_s3
93,186.000000000000000000,127.051964688250464519,125.671669142756044835,121.738864498564936412,122.143119584333959438,121.738864498564936412,hps_s3
94,188.000000000000000000,128.320507831329024384,126.926671825113444925,122.920253071003742207,123.326343775105385703,122.920253071003742207,hps_s3
95,190.000000000000000000,129.588707906160891525,128.181336013467415569,124.101197809595760191,124.509110541547869389,124.101197809595760191,hps_s3
96,192.000000000000000000,130.856570910639987915,129.435667625739995401,125.281706458634445767,125.691427880853311194,125.281706458634445767,hps_s3
97,194.000000000000000000,132.124102676621134833,130.689672416027946156,126.461786548400269226,126.873303568828163179,126.461786548400269226,hps_s3
98,196.000000000000000000,133.391308876175344267,131.943355980774640557,127.641445403210539666,128.054745168233779395,127.641445403210539666,hps_s3
99,198.000000000000000000,134.658195027548231337,133.196723764649107125,128.820690149087823784,129.235760036730965794,128.820690149087823784,hps_s3
100,200.000000000000000000,135.924766500838330785,134.449781066148574382,129.999527721068460551,130.416355334451111503,129.999527721068460551,hps_s3
101,202.000000000000000000,137.191028523411489459,135.702533042940643782,131.177964870171848588,131.596538031215345654,131.177964870171848588,hps_s3
102,204.000000000000000000,138.456986185065773043,136.954984716959415891,132.356008170048909278,132.776314913421032315,132.356008170048909278,hps_s3
103,206.000000000000000000,139.722644442960785227,138.207140979269041736,133.533664023328014991,133.955692590614376059,133.533664023328014991,hps_s3
104,208.000000000000000000,140.988008126324530167,139.459006594707830118,134.710938667674810176,135.134677501766077512,134.710938667674810176,hps_s3
105,210.000000000000000000,142.253081940949584805,140.710586206324421710,135.887838181580832497,136.313275921266154000,135.887838181580832497,hps_s3
106,212.000000000000000000,143.517870473490091854,141.961884339617597561,137.064368489896708070,137.491493964653471949,137.064368489896708070,hps_s3
107,214.000000000000000000,144.782378195570203161,143.212905406589840140,138.240535369122341081,138.669337594093605048,138.240535369122341081,hps_s3
108,216.000000000000000000,146.046609467713778940,144.463653709624736621,139.416344452467541259,139.846812623618404814,139.416344452467541259,hps_s3
109,218.000000000000000000,147.310568543105034678,145.714133445197319361,140.591801234695054745,141.023924724140073295,140.591801234695054745,hps_s3
110,220.000000000000000000,148.574259571188349582,146.964348707426069041,141.766911076756969123,142.200679428251135050,141.766911076756969123,hps_s3
111,222.000000000000000000,149.837686601115990470,148.214303491474538532,142.941679210235406572,143.377082134821336012,142.941679210235406572,hps_s3
112,224.000000000000000000,151.100853585051368100,149.464001696810669273,144.116110741597225342,144.553138113401843157,144.116110741597225342,hps_s3
113,226.000000000000000000,152.363764381334902964,150.713447130330308710,145.290210656272307688,145.728852508446550473,145.290210656272307688,hps_s3
114,228.000000000000000000,153.626422757519605966,151.962643509352460569,146.463983822563989179,146.904230343359529343,146.463983822563989179,hps_s3
115,230.000000000000000000,154.888832393282825706,153.211594464492037559,147.637434995400155913,148.079276524377121405,147.637434995400155913,hps_s3
116,232.000000000000000000,156.150996883219960409,154.460303542416511391,148.810568819932939277,149.253995844293257278,148.810568819932939277,hps_s3
117,234.000000000000000000,157.412919739526245166,155.708774208491945501,149.983389834993715795,150.428392986034992873,149.983389834993715795,hps_s3
118,236.000000000000000000,158.674604394572043020,156.957009849323696926,151.155902476411370117,151.602472526096079264,151.155902476411370117,hps_s3
119,238.000000000000000000,159.936054203376187388,158.205013775196988490,152.328111080199562366,152.776238937834932585,152.328111080199562366,hps_s3
120,240.000000000000000000,161.197272445982832778,159.452789222422097737,153.500019885619593651,153.949696594643768321,153.500019885619593651,hps_s3
121,242.000000000000000000,162.458262329746105479,160.700339355588369017,154.671633038124724635,155.122849772994811701,154.671633038124724635,hps_s3
122,244.000000000000000000,163.719026991526902748,161.947667269731994111,155.842954592191119900,156.295702655369183276,155.842954592191119900,hps_s3
123,246.000000000000000000,164.979569499805762689,163.194775992420375132,157.013988514041329836,157.468259333074371398,157.013988514041329836,hps_s3
124,248.000000000000000000,166.239892856715925973,164.441668485758270890,158.184738684264431186,158.640523808954583274,158.184738684264431186,hps_s3
125,250.000000000000000000,167.500000000000000000,165.688347648318426764,159.355208900338340072,159.812500000000000000,159.355208900338340072,hps_s3
126,252.000000000000000000,168.759893804893749802,166.934816317000127128,160.525402879057764949,160.984191739858346182,160.525402879057764949,hps_s3
127,254.000000000000000000,170.019577085940426286,168.181077268819421988,161.695324258873426970,162.155602781253918465,161.695324258873426970,hps_s3
128,256.000000000000000000,171.279052598738473989,169.427133222633358400,162.864976602144793105,163.326736798317966759,162.864976602144793105,hps_s3
129,258.000000000000000000,172.538323041625687893,170.672986840801968356,164.034363397311437893,164.497597388834265075,164.034363397311437893,hps_s3
130,260.000000000000000000,173.797391057302661466,171.918640730789803683,165.203488060986103392,165.668188076403538389,165.203488060986103392,hps_s3
131,262.000000000000000000,175.056259234398083890,173.164097446710485428,166.372353939972867920,166.838512312530809822,166.372353939972867920,hps_s3
132,264.000000000000000000,176.314930108978444423,174.409359490816342486,167.540964313213692094,168.008573478637941889,167.540964313213692094,hps_s3
133,266.000000000000000000,177.573406166004389206,175.654429314935157436,168.709322393666326434,169.178374888005862431,168.709322393666326434,hps_s3
134,268.000000000000000000,178.831689840736146380,176.899309321857032273,169.877431330116678510,170.347919787648208967,169.877431330116678510,hps_s3
135,270.000000000000000000,180.089783520090264801,178.144001866672994083,171.045294208928254420,171.517211360120370500,171.045294208928254420,hps_s3
136,272.000000000000000000,181.347689543949400104,179.388509258067188057,172.212914055731289409,172.686252725265887875,172.212914055731289409,hps_s3
137,274.000000000000000000,182.605410206427308140,180.632833759565272658,173.380293837054210826,173.855046941903083280,173.380293837054210826,hps_s3
138,276.000000000000000000,183.862947757090864798,181.876977590739869584,174.547436461899650340,175.023597009454505269,174.547436461899650340,hps_s3
139,278.000000000000000000,185.120304402140845923,183.120942928375768588,175.714344783267534922,176.191905869521178829,175.714344783267534922,hps_s3
140,280.000000000000000000,186.377482305553286324,184.364731907595910343,176.881021599626677698,177.359976407404417387,176.881021599626677698,hps_s3
141,282.000000000000000000,187.634483590182611579,185.608346622950023175,178.047469656338421373,178.527811453576816803,178.047469656338421373,hps_s3
142,284.000000000000000000,188.891310338828503745,186.851789129467192652,179.213691647032334231,179.695413785104676663,179.213691647032334231,hps_s3
143,286.000000000000000000,190.147964595267950472,188.095061443674012480,180.379690214937483006,180.862786127023952076,180.379690214937483006,hps_s3
144,288.000000000000000000,191.404448365253387010,189.338165544579510424,181.545467954170334224,182.029931153671185484,181.545467954170334224,hps_s3
145,290.000000000000000000,192.660763617478721699,190.581103374628384017,182.711027410980676677,183.196851489971606952,182.711027410980676677,hps_s3
146,292.000000000000000000,193.916912284514324938,191.823876840623370299,183.876371084958179836,184.363549712685767190,183.876371084958179836,hps_s3
147,294.000000000000000000,195.172896263712232212,193.066487814618540142,185.041501430199929246,185.530028351616294913,185.041501430199929246,hps_s3
148,296.000000000000000000,196.428717418082612767,194.308938134783886653,186.206420856441383194,186.696289890776824905,186.206420856441383194,hps_s3
149,298.000000000000000000,197.684377577142697646,195.551229606243055059,187.371131730151688544,187.862336769523608382,187.371131730151688544,hps_s3
150,300.000000000000000000,198.939878537739161857,196.793364001884782510,188.535636375594947367,189.028171383652221493,188.535636375594947367,hps_s3
151,302.000000000000000000,200.195222064844955412,198.035343063149014142,189.699937075858059643,190.193796086459968819,189.699937075858059643,hps_s3
152,304.000000000000000000,201.450409892331663286,199.277168500789116479,190.864036073847699981,191.359213189775545061,190.864036073847699981,hps_s3
153,306.000000000000000000,202.705443723718076399,200.518841995610273443,192.027935573256115731,192.524424964957461270,192.027935573256115731,hps_s3
154,308.000000000000000000,203.960325232896082071,201.760365199185798701,193.191637739497821258,193.689433643861434575,193.191637739497821258,hps_s3
155,310.000000000000000000,205.215056064834499239,203.001739734551563288,194.355144700618041043,194.854241419779327771,194.355144700618041043,hps_s3
156,312.000000000000000000,206.469637836261853181,204.242967196879760650,195.518458548173867939,196.018850448349155613,195.518458548173867939,hps_s3
157,314.000000000000000000,207.724072136328771876,205.484049154132321746,196.681581338088989241,197.183262848438374704,196.681581338088989241,hps_s3
158,316.000000000000000000,208.978360527250657697,206.724987147695173917,197.844515091483259539,198.347480703000911717,197.844515091483259539,hps_s3
159,318.000000000000000000,210.232504544931543933,207.965782692993514047,199.007261795477916166,199.511506059908725774,199.007261795477916166,hps_s3
160,320.000000000000000000,211.486505699569420358,209.206437280089460273,200.169823403976891996,200.675340932759269208,200.169823403976891996,hps_s3
161,322.000000000000000000,212.740365476244392084,210.446952374261940122,201.332201838425817186,201.838987301659216200,201.332201838425817186,hps_s3
162,324.000000000000000000,213.994085335489245381,211.687329416570094054,202.494398988548766738,203.002447113985681426,202.494398988548766738,hps_s3
163,326.000000000000000000,215.247666713844182595,212.927569824400165999,203.656416713064146506,204.165722285125610824,203.656416713064146506,hps_s3
164,328.000000000000000000,216.501111024395271443,214.167674991997131428,204.818256840379802952,205.328814699193713977,204.818256840379802952,hps_s3
165,330.000000000000000000,217.754419657297830781,215.407646290980864023,205.979921169268749281,206.491726209730472874,205.979921169268749281,hps_s3
166,332.000000000000000000,219.007593980285008683,216.647485070848119904,207.141411469525650091,207.654458640380084944,207.141411469525650091,hps_s3
167,334.000000000000000000,220.260635339162064383,217.887192659459998367,208.302729482604803479,208.817013785549420390,208.302729482604803479,hps_s3
168,336.000000000000000000,221.513545058286723588,219.126770363516214957,209.463876922240700651,209.979393411048988582,209.463876922240700651,hps_s3
169,338.000000000000000000,222.766324441036630333,220.366219469015987897,210.624855475051049325,211.141599254715487177,210.624855475051049325,hps_s3
170,340.000000000000000000,224.018974770263412211,221.605541241706276878,211.785666801123312553,212.303633027017866652,211.785666801123312553,hps_s3
171,342.000000000000000000,225.271497308734637954,222.844736927517772074,212.946312534585302956,213.465496411646199704,212.946312534585302956,hps_s3
172,344.000000000000000000,226.523893299563695791,224.083807752989002893,214.106794284160201869,214.627191066084947124,214.106794284160201869,hps_s3
173,346.000000000000000000,227.776163966627876789,225.322754925678879090,215.267113633706259179,215.788718622170506478,215.267113633706259179,hps_s3
174,348.000000000000000000,229.028310514975260048,226.561579634568204256,216.427272142742509686,216.950080686633697269,216.427272142742509686,hps_s3
175,350.000000000000000000,230.280334131220939753,227.800283050450474320,217.587271346959994389,218.111278841627949987,217.587271346959994389,hps_s3
176,352.000000000000000000,231.532235983932309864,229.038866326312245292,218.747112758719737258,219.272314645243085351,218.747112758719737258,hps_s3
177,354.000000000000000000,232.784017224004458058,230.277330597703297599,219.906797867537108004,220.433189632005962721,219.906797867537108004,hps_s3
178,356.000000000000000000,234.035678985025555221,231.515676983097336006,221.066328140553935100,221.593905313367429244,221.066328140553935100,hps_s3
179,358.000000000000000000,235.287222383632695255,232.753906584242940880,222.225705022997942706,222.754463178176933980,222.225705022997942706,hps_s3
180,360.000000000000000000,236.538648519858497821,233.992020486505595045,223.384929938630392598,223.914864693144693319,223.384929938630392598,hps_s3
181,362.000000000000000000,237.789958477468729825,235.230019759200899898,224.544004290182073191,225.075111303291635068,224.544004290182073191,hps_s3
182,364.000000000000000000,239.041153324291173021,236.467905455918952384,225.702929459778260934,226.235204432388258056,225.702929459778260934,hps_s3
183,366.000000000000000000,240.292234112536277735,237.705678614840678620,226.861706809352369874,227.395145483381753593,226.861706809352369874,hps_s3
184,368.000000000000000000,241.543201879109375341,238.943340259046010488,228.020337681049710454,228.554935838812525617,228.020337681049710454,hps_s3
185,370.000000000000000000,242.794057645915188459,240.180891396814274685,229.178823397620590185,229.714576861220280080,229.178823397620590185,hps_s3
186,372.000000000000000000,244.044802420154582023,241.418333021917021597,230.337165262803637233,230.874069893539456189,230.337165262803637233,hps_s3
187,374.000000000000000000,245.295437194613924703,242.655666113903464520,231.495364561699460637,232.033416259485278488,231.495364561699460637,hps_s3
188,376.000000000000000000,246.545962947947288058,243.892891638378955577,232.653422561135272417,233.192617263929776072,232.653422561135272417,hps_s3
189,378.000000000000000000,247.796380644951483418,245.130010547276299349,233.811340510020187367,234.351674193268678437,233.811340510020187367,hps_s3
190,380.000000000000000000,249.046691236834476513,246.367023779120700056,234.969119639691825796,235.510588315779330060,234.969119639691825796,hps_s3
191,382.000000000000000000,250.296895661477179829,247.603932259288058049,236.126761164254673986,236.669360881969595312,236.126761164254673986,hps_s3
192,384.000000000000000000,251.546994843688906940,248.840736900256814579,237.284266280909918123,237.827993124918549483,237.284266280909918123,hps_s3
193,386.000000000000000000,252.796989695456403524,250.077438601853970113,238.441636170277263318,238.986486260608529619,238.441636170277263318,hps_s3
194,388.000000000000000000,254.046881116187222460,251.314038251494935139,239.598871996709306131,240.144841488249625172,239.598871996709306131,hps_s3
195,390.000000000000000000,255.296669992946988259,252.550536724417781898,240.755974908598091133,241.303059990596011630,240.755974908598091133,hps_s3
196,392.000000000000000000,256.546357200691090839,253.786934883911868610,241.912946038674306237,242.461142934254809234,241.912946038674306237,hps_s3
197,394.000000000000000000,257.795943602490865487,255.023233581540864634,243.069786504299713670,243.619091469987864684,243.069786504299713670,hps_s3
198,396.000000000000000000,259.045430049754372703,256.259433657360716552,244.226497407752304980,244.776906733005830574,244.226497407752304980,hps_s3
199,398.000000000000000000,260.294817382442033704,257.495535940132413089,245.383079836504890636,245.934589843256020458,245.383079836504890636,hps_s3
200,400.000000000000000000,261.544106429277178449,258.731541247529662542,246.539534863497209471,247.092141905702931126,246.539534863497209471,hps_s3
