first_N,last_N,original_minimum12,independent_minimum12
690988,693035,791366,791366
693036,695083,852975511,854816571
695084,697131,1595967723,1705111788
697132,699179,2545459245,2552286824
699180,701227,3282835774,3395964529
701228,703275,4017581489,4236193009
703276,705323,4749924145,5073208033
705324,707371,5479575304,5906729290
707372,709419,6718088561,6736988277
709420,711467,7441284402,7564045646
711468,713515,8161895244,8387729566
713516,715563,8880047137,9208173758
715564,717611,9595830586,10025476269
717612,719659,10309134406,10839533415
719660,721707,11568014164,11650307321
721708,723755,12274906081,12458100154
723756,725803,12979336758,13262678156
725804,727851,13681190878,14063933395
727852,729899,315112459,315168770
729900,731947,629115262,673869975
731948,733995,1341784471,1487715784
733996,736043,2052178806,2298546139
736044,738091,2760159833,3106229591
738092,740139,3465670179,3910715757
740140,742187,4169072126,4712373438
742188,744235,4869939082,5510783151
744236,746283,5568547850,6306228049
746284,748331,6264828210,7098644702
748332,750379,6958882957,7888142092
750380,752427,7650555053,8674569940
752428,754475,8340047948,9458137844
754476,756523,9027243213,10238733604
756524,758571,9712049126,11016272260
758572,760619,10394867276,11791160349
760620,762667,11075358313,12563065453
762668,764715,11753519866,13331991496
764716,766763,12429704962,14098296183
766764,768811,13103553763,14861626734
768812,770859,13775182320,15622104638
770860,772907,14444814209,16379958580
772908,774955,15112222754,17134968076
774956,777003,15777453227,17887184129
777004,779051,16440551000,18636657817
779052,781099,17101653473,19383530748
781100,783147,17760448128,20127497741
783148,785195,18417345971,20868973345
785196,787243,19072068796,21607685612
787244,789291,19724639656,22343663186
789292,791339,20375285646,23077137036
791340,793387,21023861452,23807967651
793388,795435,21670319547,24536113153
795436,797483,22314851114,25261768601
797484,799531,22957238455,25984722410
799532,801579,23597631952,26705129123
801580,803627,24236216995,27423177886
803628,805675,24872658046,28138540010
805676,807723,25507060025,28851324687
807724,809771,26139622816,29561735195
809772,811819,26770227734,30269658149
811820,813867,27398774021,30974998194
813868,815915,28025478444,31677975595
815916,817963,28650300111,32378553331
817964,820011,305788807,305844040
820012,822059,625115912,669179086
822060,824107,1269957048,1402649828
824108,826155,1912746700,2133497631
826156,828203,2553719761,2861962074
828204,830251,3192649670,3587821415
830252,832299,3829634319,4311178201
832300,834347,4464846017,5032209203
834348,836395,5098044719,5750679170
836396,838443,5729313008,6466675169
838444,840491,6358735663,7180286412
840492,842539,6986311913,7891516412
842540,844587,7611911329,8600239481
844588,846635,8235782777,9306708439
846636,848683,8857759399,10010760873
848684,850731,9477752260,10712312540
850732,852779,10096087891,11411693353
852780,854827,10712560106,12108701708
854828,856875,11327128217,12803301382
856876,858923,11940013078,13495716564
858924,860971,12551001258,14185738547
860972,863019,13160184069,14873462418
863020,865067,13767723328,15559053474
865068,867115,14373393263,16242290539
867116,869163,14977270591,16923254067
869164,871211,15579434999,17602027423
871212,873259,16179885511,18278613135
873260,875307,16778498596,18952892425
875308,877355,17375508206,19625101900
877356,879403,17970757355,20295088651
879404,881451,18564161553,20962772596
881452,883499,19156028021,21628463061
883500,885547,19746162404,22291970036
885548,887595,20334525645,22953258588
887596,889643,20921325805,23612539009
889644,891691,21506361459,24269614501
891692,893739,22089717938,24924573488
893740,895787,22671547572,25577570919
895788,897835,23251637612,26228398456
897836,899883,23830059450,26877130665
899884,901931,24406888172,27523845651
901932,903979,24982122587,28168545131
903980,906027,25555645959,28811116686
906028,908075,26127678254,29451782270
908076,910123,26698071538,30090397666
910124,912171,27266745339,30726886667
912172,914219,27833989413,31361539944
914220,916267,28399620146,31994178102
916268,918315,28963599965,32624767465
918316,920363,29526125290,33253505732
920364,922411,30087005667,33880207015
922412,924459,30646321160,34504953756
924460,926507,31204215367,35127891540
926508,928555,31760487356,35748823774
928556,930603,32315209740,36367819751
930604,932651,32868441718,36984952834
932652,934699,33420187712,37600224064
934700,936747,33970336953,38213526887
936748,938795,34519096894,38825069965
938796,940843,35066327836,39434717054
940844,942891,35611953062,40042395557
942892,944939,36156246380,40648379183
944940,946987,36699033982,41252498275
946988,949035,37240279780,41854720381
949036,951083,37780169514,42455231745
951084,953131,38318522740,43053856501
953132,955179,38855414779,43650671702
955180,957227,39390981255,44245814424
957228,959275,39925031946,44839098845
959276,961323,40457629598,45430589524
961324,963371,40988840803,46020355526
963372,965419,41518664394,46608397330
965420,967467,42046995135,47194613804
967468,969515,42574028891,47779201509
969516,971563,43099633592,48362031530
971564,973611,43623736069,48943034642
973612,975659,44146595522,49522469074
975660,977707,44668046932,50100174135
977708,979755,45188055781,50676118549
979756,981803,45706798031,51250478112
981804,983851,46224102552,51823086181
983852,985899,46740040008,52394014939
985900,987947,47254737815,52963393705
987948,989995,47768015938,53531046562
989996,992043,48279932758,54097033798
992044,994091,48790551954,54661420570
994092,996139,49299871956,55224206890
996140,998187,49807792645,55785296644
998188,1000235,50314499472,56344875348
1000236,1002283,50819867465,56902820838
1002284,1004331,51323826541,57459067034
1004332,1006379,51826622337,58013858008
1006380,1008427,52328098390,58567041331
1008428,1010475,52828221465,59118586860
1010476,1012523,53327158617,59668660832
1012524,1014571,53824747097,60217105111
1014572,1016619,54321053496,60763987461
1016620,1018667,54816199874,61309430113
1018668,1020715,55310015275,61853266273
1020716,1022763,55802554416,62395552367
1022764,1024811,56293877714,62936349986
1024812,1026859,56783983716,63475658754
1026860,1028907,309285478,309313367
1028908,1030955,542516284,572804699
1030956,1033003,1134053629,1165812738
1033004,1035051,1657575923,1757121241
1035052,1037099,2179886225,2346876415
1037100,1039147,2700855246,2934950804
1039148,1041195,3220485086,3521349237
1041196,1043243,3738918247,4106216041
1043244,1045291,4256026666,4689419249
1045292,1047339,4771812411,5270970126
1047340,1049387,5286416540,5851011701
1049388,1051435,5799712176,6429419008
1051436,1053483,6959951235,7006196581
1053484,1055531,7469574229,7581485930
1055532,1057579,7977909364,8155163348
1057580,1059627,8484958903,8727233216
1059628,1061675,8990860835,9297835509
1061676,1063723,9495490565,9866847773
1063724,1065771,9998850262,10434274241
1065772,1067819,10501076525,11000253405
1067820,1069867,11002045997,11564664062
1069868,1071915,11501760731,12127510199
1071916,1073963,12000356000,12688928967
1073964,1076011,12497709583,13248800212
1076012,1078059,12993823474,13807127994
1078060,1080107,13488831464,14364047849
1080108,1082155,13982612668,14919440916
1082156,1084203,14475168922,15473310966
1084204,1086251,14966632879,16025792283
1086252,1088299,15456884721,16576767084
1088300,1090347,15945926192,17126239079
1090348,1092395,16433888522,17674341070
1092396,1094443,16920653200,18220956437
1094444,1096491,17406221741,18766088847
1096492,1098539,17890724266,19309869618
1098540,1100587,18374043196,19852183351
1100588,1102635,20375437830,20393033482
1102636,1104683,20853840251,20932550134
1104684,1106731,21331083320,21470618899
1106732,1108779,21807168552,22007243096
1108780,1110827,22282223013,22542551654
1110828,1112875,22756131627,23076431010
1112876,1114923,23228895850,23608884657
1114924,1116971,23700641526,24140039982
1116972,1119019,24171254655,24669784674
1119020,1121067,24640736548,25198122020
1121068,1123115,25109211914,25725178071
1123116,1125163,25576567830,26250841707
1125164,1127211,26042805548,26775115984
1127212,1129259,26508048526,27298125787
1129260,1131307,26972184918,27819760987
1131308,1133355,27435215917,28340024636
1133356,1135403,27897263818,28859040219
1135404,1137451,28358217794,29376698708
1137452,1139499,28818078921,29893002930
1139500,1141547,29276968445,30408075370
1141548,1143595,29734776442,30921807906
1143596,1145643,30191504047,31434203270
1145644,1147691,30647271254,31945382739
1147692,1149739,31101969187,32455239193
1149740,1151787,31555598950,32963774158
1151788,1153835,32008279405,33471107690
1153836,1155883,32459902635,33977134812
1155884,1157931,32910469686,34481858068
1157932,1159979,33360098314,34985396385
1159980,1162027,33808681648,35487644596
1162028,1164075,34256220562,35988605153
1164076,1166123,34702831762,36488395832
1166124,1168171,35148409369,36986912423
1168172,1170219,35592954198,37484157190
1170220,1172267,36036581848,37980246881
1172268,1174315,36479187430,38475078355
1174316,1176363,36920771643,38968653709
1176364,1178411,37361449212,39461088483
1178412,1180459,37801115890,39952280465
1180460,1182507,38239772547,40442231693
1182508,1184555,38677532691,40931056661
1184556,1186603,39114293176,41418654026
1186604,1188651,39550054701,41905025711
1188652,1190699,39984929782,42390285154
1190700,1192747,40418816148,42874331644
1192748,1194795,40851714496,43357167625
1194796,1196843,41283736296,43838905112
1196844,1198891,41714780265,44319444510
1198892,1200939,42144846986,44798787916
1200940,1202987,42574046878,45277046272
1202988,1205035,43002279475,45754121092
1205036,1207083,43429545534,46230014006
1207084,1209131,43855954252,46704835433
1209132,1211179,44281406386,47178487351
1211180,1213227,44705902109,47650971624
1213228,1215275,45129550213,48122397391
1215276,1217323,45552251860,48592667677
1217324,1219371,45974007574,49061784113
1219372,1221419,46394924807,49529854964
1221420,1223467,46814905945,49996784015
1223468,1225515,47233950986,50462572893
1225516,1227563,47652166977,50927328818
1227564,1229611,48069456650,51390956388
1229612,1231659,48485820472,51853457349
1231660,1233707,48901363974,52314937580
1233708,1235755,49315991229,52775302843
1235756,1237803,49729702353,53234554594
1237804,1239851,50142602238,53692797955
1239852,1241899,50554595363,54149939271
1241900,1243947,50965682195,54605980170
1243948,1245995,51375966286,55061024671
1245996,1248043,51785353454,55514979991
1248044,1250091,52193843526,55967847409
1250092,1252139,52601539820,56419730477
1252140,1254187,53008348389,56870536878
1254188,1256235,53414269466,57320268067
1256236,1258283,53819405147,57769026490
1258284,1260331,54223662475,58216720644
1260332,1262379,54627041448,58663351926
1262380,1264427,55029643524,59109021793
1264428,1266475,55431376444,59553639730
1266476,1268523,55832240090,59997206961
1268524,1270571,56232335045,60439823952
1270572,1272619,56631569808,60881401004
1272620,1274667,57029944378,61321939283
1274668,1276715,57427558349,61761538381
1276716,1278763,57824321091,62200109474
1278764,1280811,58220232429,62637653551
1280812,1282859,58615391259,63074269331
1282860,1284907,59009707532,63509868690
1284908,1286955,59403181134,63944452442
1286956,1289003,59795910026,64378118724
1289004,1291051,60187805036,64810780109
1291052,1293099,60578866105,65242437412
1293100,1295147,60969190264,65673187724
1295148,1297195,61358688981,66102944198
1297196,1299243,61747362255,66531707765
1299244,1301291,62135306186,66959574935
1301292,1303339,67356867133,67386459326
1303340,1305387,67736018332,67812361870
1305388,1307435,68114470457,68237378029
1307436,1309483,68492137128,68661422468
1309484,1311531,68869018112,69084495771
1311532,1313579,69245207356,69506693049
1313580,1315627,69620618829,69927929085
1315628,1317675,69995252531,70348204928
1317676,1319723,70369201363,70767614291
1319724,1321771,70742380339,71186073376
1321772,1323819,71114788996,71603582554
1323820,1325867,71486519882,72020235004
1325868,1327915,71857488248,72435947403
1327916,1329963,72227694210,72850720449
1329964,1332011,72597229038,73264646346
1332012,1334059,72966009029,73677642444
1334060,1336107,73334033950,74089709397
1336108,1338155,73701394489,74500938631
1338156,1340203,74068007525,74911248160
1340204,1342251,74433872825,75320638596
1342252,1344299,74799080495,75729200596
1344300,1346347,75163547997,76136852833
1346348,1348395,75527274981,76543595874
1348396,1350443,75890350854,76949519622
1350444,1352491,76252693776,77354543396
1352492,1354539,76614303281,77758667722
1354540,1356587,76975268078,78161981755
1356588,1358635,77335507259,78564405457
1358636,1360683,77695020008,78965939312
1360684,1362731,78053894452,79366671737
1362732,1364779,78412050032,79766523328
1364780,1366827,78769486397,80165494528
1366828,1368875,79126290627,80563673027
1368876,1370923,79482382978,80960980047
1370924,1372971,79837762867,81357415992
1372972,1375019,80192516907,81753067831
1375020,1377067,80546565935,82147857406
1377068,1379115,80899909371,82541785083
1379116,1381163,81252632779,82934936175
1381164,1383211,81604658160,83327233592
1383212,1385259,81955984467,83718678156
1385260,1387307,82306697149,84109355423
1387308,1389355,82656717859,84499188452
1389356,1391403,83006046363,84888177536
1391404,1393451,83354767062,85276407541
1393452,1395499,83702802658,85663802120
1395500,1397547,84050152334,86050361533
1397548,1399595,84396900143,86436169961
1399596,1401643,84742969367,86821151648
1401644,1403691,85088359192,87205306819
1403692,1405739,85433152853,87588718979
1405740,1407787,85777274100,87971312956
1407788,1409835,86120722349,88353088940
1409836,1411883,86463580257,88734129770
1411884,1413931,86805772036,89114360850
1413932,1415979,87147297221,89493782337
1415980,1418027,87488237302,89872476411
1418028,1420075,87828517775,90250369046
1420076,1422123,88168137823,90627460366
1422124,1424171,88507178355,91003831902
1424172,1426219,88845565333,91379410189
1426220,1428267,89183297706,91754195321
1428268,1430315,89520456618,92128268185
1430316,1432363,89856967562,92501555874
1432364,1434411,90192830306,92874058450
1434412,1436459,90528124594,93245856166
1436460,1438507,90862777200,93616876663
1438508,1440555,91196787427,93987119977
1440556,1442603,91530234552,94356665730
1442604,1444651,91863045818,94725442109
1444652,1446699,92195220524,95093449119
1446700,1448747,92526837601,95460765764
1448748,1450795,92857824638,95827320769
1450796,1452843,93188180937,96193114108
1452844,1454891,93517984729,96558224175
1454892,1456939,93847164302,96922580225
1456940,1458987,94175718491,97286182205
1458988,1461035,94503725762,97649107904
1461036,1463083,94831114169,98011287102
1463084,1465131,95157883130,98372719721
1465132,1467179,95484109828,98733482948
1467180,1469227,95809723599,99093507086
1469228,1471275,96134723629,99452792030
1471276,1473323,96459186170,99811414375
1473324,1475371,96783041139,100169304940
1475372,1477419,97106287837,100526463591
1477420,1479467,97429002402,100882966342
1479468,1481515,97751114750,101238744518
1481516,1483563,98072624299,101593797962
1483564,1485611,98393606138,101948202109
1485612,1487659,98713991465,102301888788
1487660,1489707,99033779348,102654857815
1489708,1491755,99353044759,103007184058
1491756,1493803,99671718548,103358799840
1493804,1495851,99989800248,103709704956
1495852,1497899,100307364016,104059973707
1497900,1499947,100624341866,104409538910
1499948,1501995,100940732518,104758400334
1501996,1504043,101256610010,105106631726
1504044,1506091,101571906707,105454166387
1506092,1508139,101886621443,105801004064
1508140,1510187,102200828026,106147217951
1510188,1512235,102514458470,106492741833
1512236,1514283,102827512426,106837575433
1514284,1516331,103140062419,107181791401
1516332,1518379,103452041512,107525323997
1518380,1520427,103763449122,107868172923
1520428,1522475,104074357193,108210410289
1522476,1524523,104384699719,108551970828
1524524,1526571,104694475419,108892854219
1526572,1528619,105003756238,109233132041
1528620,1530667,105312476283,109572739491
1530668,1532715,105620634509,109911676227
1532716,1534763,105928302160,110250013303
1534764,1536811,106235413928,110587686376
1536812,1538859,106541968882,110924695084
1538860,1540907,106848037685,111261109961
1540908,1542955,107153555378,111596867118
1542956,1545003,107458520797,111931966175
1545004,1547051,107763004489,112266477150
1547052,1549099,108066941727,112600336606
1549100,1551147,108370331814,112933544142
1551148,1553195,108673244249,113266169269
1553196,1555243,108975615003,113598148996
1555244,1557291,109277443028,113929482901
1557292,1559339,109578797477,114260239993
1559340,1561387,109879615367,114590357723
1561388,1563435,110179894953,114919835651
1563436,1565483,110479705384,115248742287
1565484,1567531,110778983216,115577015518
1567532,1569579,111077727749,115904654888
1569580,1571627,111376007087,116231728413
1571628,1573675,111673758365,116558174414
1573676,1575723,111970981000,116883992415
1575724,1577771,112267742399,117209249948
1577772,1579819,112563980394,117533885761
1579820,1581867,112859693821,117857899359
1581868,1583915,113154950202,118181357793
1583916,1585963,113449687603,118504200235
1585964,1588011,113743904978,118826426174
1588012,1590059,114037669030,119148102184
1590060,1592107,114330918760,119469167856
1592108,1594155,114623652538,119789622660
1594156,1596203,114915937068,120109532704
1596204,1598251,115207711583,120428837988
1598252,1600299,115498974337,120747537971
1600300,1602347,115789792034,121065698292
1602348,1604395,116080103558,121383259362
1604396,1606443,116369907860,121700220624
1606444,1608491,116659270715,122016647257
1608492,1610539,116948131821,122332480078
1610540,1612587,117236489895,122647718513
1612588,1614635,117524410015,122962427286
1614636,1616683,117811832693,123276547617
1616684,1618731,118098756647,123590078916
1618732,1620779,118385246489,123903085455
1620780,1622827,118671242729,124215508854
1622828,1624875,118956744321,124527348507
1624876,1626923,119241815409,124838668241
1626924,1628971,119526397320,125149410067
1628972,1631019,119810488307,125459573367
1631020,1633067,120094152749,125769221526
1633068,1635115,120377331739,126078296945
1635116,1637163,120660024229,126386798992
1637164,1639211,120942293433,126694790614
1639212,1641259,121224081376,127002214600
1641260,1643307,121505386428,127309070302
1643308,1645355,121786272036,127615420237
1645356,1647403,122066680109,127921207573
1647404,1649451,122346609365,128226431651
1649452,1651499,122626122785,128531154561
1651500,1653547,122905162512,128835319848
1653548,1655595,123183727264,129138926840
1655596,1657643,123461879440,129442037202
1657644,1659691,123739561880,129744594857
1659692,1661739,124016773304,130046599117
1661740,1663787,124293575645,130348111231
1663788,1665835,124569911858,130649075490
1665836,1667883,124845781130,130949491196
1667884,1669931,125121254008,131249419182
1669932,1671979,125396255170,131548804106
1671980,1674027,125670792767,131847645258
1674028,1676075,125944928498,132146003062
1676076,1678123,126218605088,132443822538
1678124,1680171,126491822302,132741102964
1680172,1682219,126764640212,133037904359
1682220,1684267,127037003170,133334172102
1684268,1686315,127308910246,133629905460
1686316,1688363,127580421511,133925164051
1688364,1690411,127851481549,134219893609
1690412,1692459,128122088732,134514093389
1692460,1694507,128392303828,134807822613
1694508,1696555,128662070957,135101027367
1696556,1698603,128931389655,135393706895
1698604,1700651,129200318595,135685920025
1700652,1702699,135967895621,135977613194
1702700,1704747,136228648712,136268785634
1704748,1706795,136489033466,136559495783
1706796,1708843,136748995864,136849690423
1708844,1710891,137008534977,137139368778
1710892,1712939,137267708312,137428588899
1712940,1714987,137526463018,137717297911
1714988,1717035,137784797232,138005495027
1717036,1719083,138042768929,138293237917
1719084,1721131,138300324557,138580474045
1721132,1723179,138557463418,138867202613
1723180,1725227,138814242323,139153480915
1725228,1727275,139070608885,139439256750
1727276,1729323,139326561708,139724529310
1729324,1731371,139582157135,140009355515
1731372,1733419,139837343478,140293683497
1733420,1735467,140092119341,140577512437
1735468,1737515,140346540603,140860898888
1737516,1739563,140600555576,141143791307
1739564,1741611,140854163561,141426188870
1741612,1743659,141107419971,141708147761
1743660,1745707,141360272886,141989616764
1745708,1747755,141612721607,142270595045
1747756,1749803,141864821780,142551138096
1749804,1751851,142116521717,142831194545
1751852,1753899,142367820721,143110764358
1753900,1755947,142618773039,143389902997
1755948,1757995,142869328847,143668559892
1757996,1760043,143119486281,143946734190
1760044,1762091,143369300290,144224480997
1762092,1764139,143618720117,144501750059
1764140,1766187,143867745064,144778540516
1766188,1768235,144116429146,145054907122
1768236,1770283,144364722073,145330799937
1770284,1772331,144612622680,145606218091
1772332,1774379,144860185217,145881215991
1774380,1776427,145107359858,146155744007
1776428,1778475,145354144973,146429801261
1778476,1780523,145600594813,146703441816
1780524,1782571,145846659317,146976616349
1782572,1784619,146092337090,147249323974
1784620,1786667,146337682381,147521618413
1786668,1788715,146582645131,147793450646
1788716,1790763,146827224176,148064819783
1790764,1792811,147071473067,148335779203
1792812,1794859,147315342677,148606280192
1794860,1796907,147558831144,148876321850
1796908,1798955,147801992017,149145957222
1798956,1801003,148044775938,149415137894
1801004,1803051,148287182208,149683862958
1803052,1805099,148529262980,149952185127
1805100,1807147,148770970059,150220056283
1807148,1809195,149012301815,150487475511
1809196,1811243,149253310635,150754495196
1811244,1813291,149493948556,151021067513
1813292,1815339,149734213715,151287191542
1815340,1817387,149974158732,151552919340
1817388,1819435,150213735410,151818203375
1819436,1821483,150452942587,152083042717
1821484,1823531,150691831484,152347489105
1823532,1825579,150930354371,152611495292
1825580,1827627,151168510550,152875060345
1827628,1829675,151406351244,153138235679
1829676,1831723,151643828954,153400974336
1831724,1833771,151880942285,153663275374
1833772,1835819,152117742225,153925189895
1835820,1837867,152354181976,154186671222
1837868,1839915,152590259909,154447718407
1839916,1841963,152826026780,154708382239
1841964,1844011,153061436256,154968616321
1844012,1846059,153296486474,155228419700
1846060,1848107,153531227959,155487842852
1848108,1850155,153765614842,155746839661
1850156,1852203,153999644564,156005409167
1852204,1854251,154233368346,156263601539
1854252,1856299,154466739390,156521370934
1856300,1858347,154699756763,156778716390
1858348,1860395,154932469828,157035687768
1860396,1862443,155164833180,157292239501
1862444,1864491,155396844958,157548370619
1864492,1866539,155628554755,157804130682
1866540,1868587,155859917169,158059474394
1868588,1870635,156090930802,158314400778
1870636,1872683,156321645015,158568959098
1872684,1874731,156552013941,158823104323
1874732,1876779,156782036647,159076835473
1876780,1878827,157011762028,159330201513
1878828,1880875,157241144450,159583157681
1880876,1882923,157470183214,159835702989
1882924,1884971,157698926981,160087886111
1884972,1887019,157927330117,160339662546
1887020,1889067,158155391924,160591031303
1889068,1891115,158383161062,160842040764
1891116,1893163,158610592363,161092646689
1893164,1895211,158837684430,161342848083
1895212,1897259,159064485691,161592693038
1897260,1899307,159290951443,161842137575
1899308,1901355,159517080523,162091180693
1901356,1903403,159742921125,162339870200
1903404,1905451,159968428546,162588162371
1905452,1907499,160193601856,162836056201
1907500,1909547,160418488085,163083599215
1909548,1911595,160643043927,163330747944
1911596,1913643,160867267753,163577501377
1913644,1915691,161091207060,163823906760
1915692,1917739,161314818076,164069920873
1917740,1919787,161538099171,164315542704
1919788,1921835,161761098075,164560819217
1921836,1923883,161983770551,164805707447
1923884,1925931,162206116132,165050206374
1925932,1927979,162428180919,165294362689
1927980,1930027,162649921607,165538133672
1930028,1932075,162871337728,165781518301
1932076,1934123,163092475151,166024562437
1934124,1936171,163313291268,166267224820
1936172,1938219,163533783983,166509503731
1938220,1940267,163754000561,166751444805
1940268,1942315,163973897928,166993007702
1942316,1944363,164193474454,167234189183
1944364,1946411,164412776706,167475035990
1946412,1948459,164631761843,167715506135
1948460,1950507,164850428467,167955598585
1950508,1952555,165068822447,168195358950
1952556,1954603,165286901639,168434745482
1954604,1956651,165504664648,168673757144
1956652,1958699,165722156874,168912439283
1958700,1960747,165939336409,169150750388
1960748,1962795,166156202089,169388689417
1962796,1964843,166372798848,169626301459
1964844,1966891,166589085012,169863545235
1966892,1968939,166805059416,170100419702
1968940,1970987,167020767251,170336969688
1970988,1973035,167236166276,170573154149
1973036,1975083,167451255513,170808972038
1975084,1977131,167666079768,171044467927
1977132,1979179,167880597691,171279601003
1979180,1981227,168094807929,171514370214
1981228,1983275,168308755042,171748819880
1983276,1985323,168522397908,171982909416
1985324,1987371,168735735171,172216637769
1987372,1989419,168948811149,172450049003
1989420,1991467,169161584944,172683102763
1991468,1993515,169374055197,172915797993
1993516,1995563,169586265988,173148178507
1995564,1997611,169798176640,173380204174
1997612,1999659,170009785794,173611873936
1999660,2001707,170221137290,173843231360
2001708,2003755,170432190672,174074236537
2003756,2005803,170642944579,174304888407
2005804,2007851,170853442615,174535230292
2007852,2009899,171063644543,174765222504
2009900,2011947,171273549001,174994863980
2011948,2013995,171483199357,175224197799
2013996,2016043,171692555593,175453184493
2016044,2018091,171901616344,175681822995
2018092,2020139,172110424745,175910156144
2020140,2022187,172318940995,176138144689
2022188,2024235,172527163726,176365787561
2024236,2026283,172735135845,176593127360
2026284,2028331,172942817761,176820125050
2028332,2030379,173150208108,177046779561
2030380,2032427,173357349561,177273133254
2032428,2034475,173564202743,177499147310
2034476,2036523,173770766286,177724820654
2036524,2038571,173977082639,177950195412
2038572,2040619,174183112635,178175232978
2040620,2042667,174388854903,178399932276
2042668,2044715,174594351668,178624335197
2044716,2046763,174799563972,178848403347
2046764,2048811,175004490444,179072135647
2048812,2050859,175209173082,179295573757
2050860,2052907,175413573138,179518679492
2052908,2054955,175617689238,179741451770
2054956,2057003,175821563161,179963932024
2057004,2059051,176025156362,180186082273
2059052,2061099,176228467466,180407901437
2061100,2063147,176431538034,180629430718
2063148,2065195,176634329722,180850632343
2065196,2067243,176836841157,181071505229
2067244,2069291,177039113679,181292090352
2069292,2071339,177241109148,181512350145
2071340,2073387,177442826189,181732283519
2073388,2075435,177644305927,181951931232
2075436,2077483,177845510422,182171255914
2077484,2079531,178046438297,182390256479
2079532,2081579,178247130464,182608973459
2081580,2083627,178447549180,182827369688
2083628,2085675,178647693070,183045444075
2085676,2087723,178847602830,183263236935
2087724,2089771,179047240916,183480711299
2089772,2091819,179246605951,183697866077
2091820,2093867,179445738422,183914741363
2093868,2095915,179644600980,184131300387
2095916,2097963,179843192246,184347542056
2097964,2100011,180041552498,184563506250
2100012,2102059,180239644581,184779156393
2102060,2104107,180437467116,184994491391
2104108,2106155,180635060174,185209550909
2106156,2108203,180832386791,185424298567
2108204,2110251,181029445588,185638733268
2110252,2112299,181226276429,185852894465
2112300,2114347,181422842543,186066745969
2114348,2116395,181619142550,186280286684
2116396,2118443,181815216109,186493555851
2118444,2120491,182011026637,186706517472
2120492,2122539,182206572756,186919170450
2122540,2124587,182401893920,187131553816
2124588,2126635,182596953736,187343631762
2126636,2128683,182791750824,187555403191
2128684,2130731,182986324439,187766906925
2130732,2132779,183180638373,187978107345
2132780,2134827,183374691245,188189003351
2134828,2136875,183568522110,188399633561
2136876,2138923,183762094947,188609962543
2138924,2140971,183955408374,188819989195
2140972,2143019,184148501248,189029751930
2143020,2145067,184341337731,189239215502
2145068,2147115,184533916440,189448378808
2147116,2149163,184726276038,189657280058
2149164,2151211,184918380867,189865884191
2151212,2153259,185110229545,190074190101
2153260,2155307,185301860539,190282235800
2155308,2157355,185493238373,190489986405
2157356,2159403,185684361664,190697440813
2159404,2161451,185875268686,190904636835
2161452,2163499,186065924141,191111539769
2163500,2165547,186256326647,191318148511
2165548,2167595,186446514286,191524500673
2167596,2169643,186636451939,191730561735
2169644,2171691,186826138222,191936330591
2171692,2173739,187015611028,192141844658
2173740,2175787,187204835413,192347069591
2175788,2177835,187393809995,192552004286
2177836,2179883,187582572476,192756685964
2179884,2181931,187771096670,192961080458
2181932,2183979,187959364100,193165186662
2183980,2186027,188147420793,193369041604
2186028,2188075,188335232156,193572611293
2188076,2190123,188522796807,193775894622
2190124,2192171,188710152075,193978928428
2192172,2194219,188897263538,194181678893
2194220,2196267,189084129813,194384144910
2196268,2198315,189270788046,194586363125
2198316,2200363,189457203986,194788299894
2200364,2202411,194986373641,194989954109
2202412,2204459,195167739341,195191362227
2204460,2206507,195348873291,195392490777
2206508,2208555,195529774229,195593338647
2208556,2210603,195710478284,195793942111
2210604,2212651,195890951997,195994267864
2212652,2214699,196071194106,196194314797
2214700,2216747,196251240563,196394118996
2216748,2218795,196431058075,196593647326
2218796,2220843,196610645379,196792898677
2220844,2222891,196790038251,196991908951
2222892,2224939,196969203563,197190645181
2224940,2226987,197148140052,197389106256
2226988,2229035,197326883318,197587327896
2229036,2231083,197505400396,197785277298
2231084,2233131,197683690025,197982953353
2233132,2235179,197861787630,198180391599
2235180,2237227,198039660409,198377559398
2237228,2239275,198217307099,198574455640
2239276,2241323,198394762956,198771115683
2241324,2243371,198571995335,198967507053
2243372,2245419,198749002975,199163628641
2245420,2247467,198925820961,199359515625
2247468,2249515,199102416808,199555135694
2249516,2251563,199278789254,199750487738
2251564,2253611,199454973214,199945606759
2253612,2255659,199630936363,200140460607
2255660,2257707,199806677438,200335048170
2257708,2259755,199982231186,200529404277
2259756,2261803,200157565439,200723496745
2261804,2263851,200332678934,200917323783
2263852,2265899,200507606251,201110920913
2265900,2267947,200682315378,201304256306
2267948,2269995,200856805053,201497328849
2269996,2272043,201031109689,201690173023
2272044,2274091,201205197428,201882757153
2274092,2276139,201379067010,202075080129
2276140,2278187,201552752683,202267176258
2278188,2280235,201726222742,202459014023
2280236,2282283,201899475927,202650592313
2282284,2284331,202072546324,202841945265
2284332,2286379,202245402380,203033041516
2286380,2288427,202418042834,203223879957
2288428,2290475,202590501611,203414494554
2290476,2292523,202762747309,203604854099
2292524,2294571,202934778668,203794957483
2294572,2296619,203106629450,203984838505
2296620,2298667,203278268406,204174466109
2298668,2300715,203449694275,204363839185
2300716,2302763,203620940660,204552991366
2302764,2304811,203791976459,204741891750
2304812,2306859,203962800412,204930539225
2306860,2308907,204133445965,205118967259
2308908,2310955,204303882164,205307145101
2310956,2313003,204474107748,205495071638
2313004,2315051,204644156005,205682780176
2315052,2317099,204813996130,205870240111
2317100,2319147,204983626861,206057450333
2319148,2321195,205153081331,206244443983
2321196,2323243,205322328879,206431190607
2323244,2325291,205491368245,206617689094
2325292,2327339,205660232407,206803972423
2327340,2329387,205828890847,206990010288
2329388,2331435,205997342308,207175801579
2331436,2333483,206165619611,207361379114
2333484,2335531,206333692384,207546712734
2335532,2337579,206501559369,207731801327
2337580,2339627,206669253236,207916677554
2339628,2341675,206836743755,208101311400
2341676,2343723,207004029667,208285701755
2343724,2345771,207171143492,208469881120
2345772,2347819,207338055141,208653819625
2347820,2349867,207504763356,208837516160
2349868,2351915,207671300506,209021003070
2351916,2353963,207837636641,209204250627
2353964,2356011,208003770507,209387257722
2356012,2358059,208169734320,209570056545
2358060,2360107,208335498273,209752617508
2360108,2362155,208501061109,209934939505
2362156,2364203,208666454899,210117054569
2364204,2366251,208831649971,210298933254
2366252,2368299,208996645072,210480574455
2368300,2370347,209161472123,210662010051
2370348,2372395,209326101591,210843210736
2372396,2374443,209490532224,211024175406
2374444,2376491,209654795795,211204935787
2376492,2378539,209818862910,211385462713
2378540,2380587,209982732314,211565755079
2380588,2382635,210146435639,211745844461
2382636,2384683,210309943624,211925701831
2384684,2386731,210473255015,212105326084
2386732,2388779,210636401300,212284748646
2388780,2390827,210799353352,212463940626
2390828,2392875,210962109920,212642900919
2392876,2394923,211124702346,212821660803
2394924,2396971,211287101638,213000191524
2396972,2399019,211449306546,213178491976
2399020,2401067,211611348268,213356593289
2401068,2403115,211773197948,213534466843
2403116,2405163,211934854333,213712111535
2405164,2407211,212096348483,213889558348
2407212,2409259,212257651672,214066778795
2409260,2411307,212418762648,214243771774
2411308,2413355,212579712332,214420568122
2413356,2415403,212740472126,214597139486
2415404,2417451,212901040783,214773484763
2417452,2419499,213061449080,214949634646
2419500,2421547,213221668554,215125560915
2421548,2423595,213381697954,215301262468
2423596,2425643,213541567923,215476769853
2425644,2427691,213701250123,215652054982
2427692,2429739,213860743307,215827116753
2429740,2431787,214020077979,216001985572
2431788,2433835,214179225931,216176633480
2433836,2435883,214338185915,216351059379
2435884,2437931,214496988299,216525293530
2437932,2439979,214655605002,216699308105
2439980,2442027,214814034778,216873102006
2442028,2444075,214972307859,217046705354
2444076,2446123,215130396290,217220090450
2446124,2448171,215288298827,217393256196
2448172,2450219,215446045567,217566232573
2450220,2452267,215603608680,217738992010
2452268,2454315,215760986923,217911533410
2454316,2456363,215918210259,218083886616
2456364,2458411,216075250985,218256024183
2458412,2460459,216232107857,218427945015
2460460,2462507,216388810705,218599678817
2462508,2464555,216545331951,218771198270
2464556,2466603,216701670351,218942502278
2466604,2468651,216857855604,219113620411
2468652,2470699,217013860254,219284525474
2470700,2472747,217169683060,219455216372
2472748,2474795,217325353588,219625722540
2474796,2476843,217480844505,219796016906
2476844,2478891,217636154571,219966098377
2478892,2480939,217791313223,220135996251
2480940,2482987,217946293247,220305683582
2482988,2485035,218101093406,220475159277
2485036,2487083,218255743006,220644452500
2487084,2489131,218410214956,220813536426
2489132,2491179,218564508018,220982409965
2491180,2493227,218718651357,221151102148
2493228,2495275,218872617984,221319586271
2495276,2497323,219026406693,221487861245
2497324,2499371,219180046536,221655955967
2499372,2501419,219333510660,221823843858
2501420,2503467,219486797829,221991523826
2503468,2505515,219639936968,222159024640
2505516,2507563,219792901343,222326319838
2507564,2509611,219945689719,222493408331
2509612,2511659,220098330895,222660318757
2511660,2513707,220250798253,222827024774
2513708,2515755,220403090560,222993525294
2515756,2517803,220555236491,223159848825
2517804,2519851,220707209544,223325969142
2519852,2521899,220859008488,223491885161
2521900,2523947,221010661872,223657625259
2523948,2525995,221162143311,223823163331
2525996,2528043,221313451575,223988498291
2528044,2530091,221464615089,224153658391
2530092,2532139,221615607585,224318617642
2532140,2534187,221766427832,224483374959
2534188,2536235,221917104135,224647958467
2536236,2538283,222067610337,224812342293
2538284,2540331,222217945210,224976525354
2540332,2542379,222368136938,225140535649
2542380,2544427,222518159477,225304347418
2544428,2546475,222668011600,225467959582
2546476,2548523,222817721369,225631400013
2548524,2550571,222967262855,225794643067
2550572,2552619,223116634831,225957687665
2552620,2554667,223265865239,226120561555
2554668,2556715,223414928262,226283239208
2556716,2558763,223563822675,226445719543
2558764,2560811,223712576300,226608030189
2560812,2562859,223861163431,226770145726
2562860,2564907,224009582844,226932065077
2564908,2566955,224157862244,227093815746
2566956,2569003,224305976035,227255372428
2569004,2571051,224453922993,227416734046
2571052,2573099,224601730707,227577927981
2573100,2575147,224749373690,227738929040
2575148,2577195,224896850720,227899736148
2577196,2579243,225044189268,228060376565
2579244,2581291,225191363956,228220825209
2581292,2583339,225338373565,228381081005
2583340,2585387,225485245448,228541171094
2585388,2587435,225631954336,228701070504
2587436,2589483,225778499012,228860778160
2589484,2591531,225924906712,229020321085
2591532,2593579,226071152276,229179674415
2593580,2595627,226217234488,229338837079
2595628,2597675,226363180469,229497835978
2597676,2599723,226508965167,229656646360
2599724,2601771,226654587366,229815267151
2601772,2603819,226800074075,229973725139
2603820,2605867,226945400347,230131995676
2605868,2607915,227090564966,230290077692
2607916,2609963,227235594830,230447997856
2609964,2612011,227380465096,230605731628
2612012,2614059,227525174551,230763277940
2614060,2616107,227669749979,230920663344
2616108,2618155,227814166643,231077863407
2618156,2620203,227958423331,231234877062
2620204,2622251,228102546715,231391730745
2622252,2624299,228246512164,231548400130
2624300,2626347,228390318464,231704884150
2626348,2628395,228533992179,231861209128
2628396,2630443,228677508779,232017350841
2630444,2632491,228820867054,232173308224
2632492,2634539,228964093456,232329107487
2634540,2636587,229107163558,232484724511
2636588,2638635,229250076153,232640158233
2638636,2640683,229392857581,232795434749
2640684,2642731,229535483520,232950530044
2642732,2644779,229677952762,233105443055
2644780,2646827,229820291539,233260199767
2646828,2648875,229962475630,233414776268
2648876,2650923,230104503829,233569171497
2650924,2652971,230246402261,233723411326
2652972,2655019,230388146804,233877471946
2655020,2657067,230529736254,234031352297
2657068,2659115,230671196628,234185078140
2659116,2661163,230812503906,234338625769
2661164,2663211,230953656884,234491994124
2663212,2665259,231094681474,234645208857
2665260,2667307,231235553752,234798246361
2667308,2669355,231376272519,234951105579
2669356,2671403,231516863578,235103812054
2671404,2673451,231657303108,235256342278
2673452,2675499,231797589907,235408695197
2675500,2677547,231937749676,235560896243
2677548,2679595,232077758689,235712922010
2679596,2681643,232217615749,235864771443
2681644,2683691,232357346449,236016469868
2683692,2685739,232496927164,236167993978
2685740,2687787,232636356696,236319342719
2687788,2689835,232775660535,236470541310
2689836,2691883,232914815153,236621566541
2691884,2693931,233053819353,236772417361
2693932,2695979,233192698521,236923118881
2695980,2698027,233331429227,237073647991
2698028,2700075,233470010275,237224003639
2700076,2702123,233608466949,237374210832
2702124,2704171,233746775912,237524246555
2704172,2706219,233884935972,237674109760
2706220,2708267,234022972310,237823825347
2708268,2710315,234160861686,237973370398
2710316,2712363,234298602907,238122743867
2712364,2714411,234436221054,238271970549
2714412,2716459,234573692981,238421027622
2716460,2718507,234711017496,238569914040
2718508,2720555,234848219581,238718654497
2720556,2722603,234985276182,238867226264
2722604,2724651,235122186110,239015628299
2724652,2726699,235258974246,239163885189
2726700,2728747,235395617630,239311974303
2728748,2730795,235532115075,239459894599
2730796,2732843,235668491360,239607670562
2732844,2734891,235804723620,239755279654
2734892,2736939,235940810669,239902720836
2736940,2738987,236076777188,240050018490
2738988,2741035,236212600403,240197150173
2741036,2743083,236348279130,240344114845
2743084,2745131,236483837951,240490936789
2745132,2747179,236619254184,240637593655
2747180,2749227,236754526648,240784084403
2749228,2751275,236889679826,240930433216
2751276,2753323,237024691127,241076617835
2753324,2755371,237159559372,241222637224
2755372,2757419,237294308946,241368515465
2757420,2759467,237428917351,241514230392
2759468,2761515,237563383406,241659780968
2761516,2763563,237697731402,241805191177
2763564,2765611,237831938931,241950438943
2765612,2767659,237966004812,242095523233
2767660,2769707,238099953242,242240467931
2769708,2771755,238233761899,242385251051
2771756,2773803,238367429609,242529871562
2773804,2775851,238500980469,242674353250
2775852,2777899,238634392248,242818674219
2777900,2779947,238767663773,242962833440
2779948,2781995,238900819046,243106854601
2781996,2784043,239033835926,243250715896
2784044,2786091,239166713240,243394416297
2786092,2788139,239299474896,243537979394
2788140,2790187,239432098840,243681383472
2790188,2792235,239564583903,243824627504
2792236,2794283,239696953897,243967734983
2794284,2796331,239829186857,244110684284
2796332,2798379,239961281614,244253474379
2798380,2800427,240093261888,244396128669
2800428,2802475,244535788785,244538625613
2802476,2804523,244664601839,244680964187
2804524,2806571,244793305213,244823167695
2806572,2808619,244921877391,244965214686
2808620,2810667,245050317287,245107104136
2810668,2812715,245178648050,245248859254
2812716,2814763,245306848252,245390458676
2814764,2816811,245434916805,245531901380
2816812,2818859,245562876770,245673210481
2818860,2820907,245690706802,245814364702
2820908,2822955,245818405816,245955363022
2822956,2825003,245945996782,246096228462
2825004,2827051,246073458441,246236939831
2827052,2829099,246200789706,246377496110
2829100,2831147,246328013462,246517920228
2831148,2833195,246455108529,246658191078
2833196,2835243,246582073826,246798307643
2835244,2837291,246708932146,246938292760
2837292,2839339,246835662394,247078125406
2839340,2841387,246962263489,247217804566
2841388,2843435,247088758136,247357352984
2843436,2845483,247215125324,247496749725
2845484,2847531,247341363972,247635993772
2847532,2849579,247467496699,247775107780
2849580,2851627,247593502574,247914070895
2851628,2853675,247719380518,248052882105
2853676,2855723,247845153064,248191563973
2855724,2857771,247970799361,248330095728
2857772,2859819,248096318333,248468476359
2859820,2861867,248221732426,248606728339
2861868,2863915,248347020870,248744830982
2863916,2865963,248472182590,248882783276
2865964,2868011,248597239946,249020607145
2868012,2870059,248722172249,249158281727
2870060,2872107,248846978426,249295806729
2872108,2874155,248971680749,249433204448
2874156,2876203,249096258612,249570454360
2876204,2878251,249220710942,249707555458
2878252,2880299,249345059927,249844529950
2880300,2882347,249469285040,249981357393
2882348,2884395,249593385209,250118036782
2884396,2886443,249717382538,250254590236
2886444,2888491,249841256578,250390997393
2888492,2890539,249965006260,250527257251
2890540,2892587,250088653603,250663391842
2892588,2894635,250212178239,250799380883
2894636,2896683,250335579097,250935223373
2896684,2898731,250458878115,251070941257
2898732,2900779,250582055001,251206514335
2900780,2902827,250705108688,251341941605
2902828,2904875,250828061030,251477244926
2904876,2906923,250950891812,251612404176
2906924,2908971,251073599968,251747418358
2908972,2911019,251196207272,251882309243
2911020,2913067,251318693584,252017056789
2913068,2915115,251441057841,252151659999
2915116,2917163,251563321733,252286140559
2917164,2919211,251685465198,252420478507
2919212,2921259,251807487175,252554672846
2921260,2923307,251929409272,252688745179
2923308,2925355,252051211504,252822675620
2925356,2927403,252172892809,252956463175
2927404,2929451,252294474717,253090129363
2929452,2931499,252415937317,253223654374
2931500,2933547,252537279550,253357037216
2933548,2935595,252658522863,253490299324
2935596,2937643,252779647422,253623420967
2937644,2939691,252900652171,253756401153
2939692,2941739,253021558474,253889261234
2941740,2943787,253142346575,254021981556
2943788,2945835,253263015415,254154561128
2945836,2947883,253383586284,254287021220
2947884,2949931,253504039496,254419342252
2949932,2951979,253624373996,254551523238
2951980,2954027,253744610993,254683585364
2954028,2956075,253864730878,254815509125
2956076,2958123,253984732595,254947293538
2958124,2960171,254104637275,255078959706
2960172,2962219,254224425381,255210488201
2962220,2964267,254344095862,255341878039
2964268,2966315,254463669768,255473150244
2966316,2968363,254583127637,255604285462
2968364,2970411,254702468418,255735282710
2970412,2972459,254821713084,255866162932
2972460,2974507,254940842246,255996906848
2974508,2976555,255059854854,256127513479
2976556,2978603,255178771804,256258003684
2978604,2980651,255297573779,256388358261
2980652,2982699,255416259731,256518576229
2982700,2984747,255534850478,256648678371
2984748,2986795,255653326777,256778645556
2986796,2988843,255771687579,256908476806
2988844,2990891,255889953629,257038192823
2990892,2992939,256008105751,257167774550
2992940,2994987,256126142902,257297221012
2994988,2997035,256244085748,257426552830
2997036,2999083,256361915186,257555751020
2999084,3001131,256479630172,257684814609
3001132,3003179,256597251298,257813764140
3003180,3005227,256714759533,257942580701
3005228,3007275,256832153834,258071263320
3007276,3009323,256949454716,258199832463
3009324,3011371,257066643219,258328269289
3011372,3013419,257183718302,258456572827
3013420,3015467,257300700406,258584763467
3015468,3017515,257417570640,258712822438
3017516,3019563,257534327965,258840748773
3019564,3021611,257650992747,258968562782
3021612,3023659,257767546165,259096245767
3023660,3025707,257883987182,259223796761
3025708,3027755,258000336088,259351235999
3027756,3029803,258116574135,259478544853
3029804,3031851,258232700283,259605722356
3031852,3033899,258348734753,259732788669
3033900,3035947,258464658862,259859725234
3035948,3037995,258580471574,259986531085
3037996,3040043,258696193035,260113226307
3040044,3042091,258811804632,260239792412
3042092,3044139,258927305330,260366228436
3044140,3046187,259042715202,260492554388
3046188,3048235,259158015704,260618751850
3048236,3050283,259273205801,260744819860
3050284,3052331,259388305495,260870778350
3052332,3054379,259503296308,260996608973
3054380,3056427,259618177208,261122310768
3056428,3058475,259732968125,261247903594
3058476,3060523,259847650649,261373369169
3060524,3062571,259962223748,261498706538
3062572,3064619,260076707281,261623935482
3064620,3066667,260191082904,261749037791
3066668,3068715,260305349589,261874012508
3068716,3070763,260419527122,261998879343
3070764,3072811,260533597226,262123620152
3072812,3074859,260647558875,262248233981
3074860,3076907,260761431783,262372740466
3076908,3078955,260875197740,262497121531
3078956,3081003,260988855721,262621376223
3081004,3083051,261102425370,262745524106
3083052,3085099,261215888544,262869547170
3085100,3087147,261329244218,262993444465
3087148,3089195,261442511967,263117235481
3089196,3091243,261555673713,263240902277
3091244,3093291,261668728432,263364443902
3093292,3095339,261781695630,263487879776
3095340,3097387,261894557294,263611192023
3097388,3099435,262007312402,263734379694
3099436,3101483,262119980391,263857462138
3101484,3103531,262232543310,263980421544
3103532,3105579,262345000142,264103256966
3105580,3107627,262457370254,264225987680
3107628,3109675,262569635760,264348595943
3109676,3111723,262681795642,264471080808
3111724,3113771,262793869201,264593461482
3113772,3115819,262905838614,264715720286
3115820,3117867,263017702867,264837856276
3117868,3119915,263129481188,264959888588
3119916,3121963,263241155823,265081799607
3121964,3124011,263352725755,265203588393
3124012,3126059,263464210147,265325274009
3126060,3128107,263575591308,265446838906
3128108,3130155,263686868222,265568282145
3130156,3132203,263798059985,265689622721
3132204,3134251,263909148968,265810843149
3134252,3136299,264020134159,265931942489
3136300,3138347,264131034585,266052939669
3138348,3140395,264241832680,266173817267
3140396,3142443,264352527433,266294574346
3142444,3144491,264463137806,266415229763
3144492,3146539,264573646294,266535766161
3146540,3148587,264684051888,266656182604
3148588,3150635,264794373483,266776497882
3150636,3152683,264904593637,266896694698
3152684,3154731,265014711342,267016772121
3154732,3156779,265124745428,267136748869
3156780,3158827,265234678513,267256607713
3158828,3160875,265344509591,267376347718
3160876,3162923,265454257428,267495987540
3162924,3164971,265563904702,267615510007
3164972,3167019,265673450409,267734914190
3167020,3169067,265782913248,267854218674
3169068,3171115,265892275961,267973406352
3171116,3173163,266001537522,268092476295
3173164,3175211,266110716578,268211447021
3175212,3177259,266219795939,268330301486
3177260,3179307,266328774606,268449038762
3179308,3181355,266437671146,268567677301
3181356,3183403,266546468423,268686200118
3183404,3185451,266655165436,268804606289
3185452,3187499,266763780692,268922914198
3187500,3189547,266872297111,269041106924
3189548,3191595,266980713696,269159183541
3191596,3193643,267089048888,269277162370
3193644,3195691,267197285669,269395026549
3195692,3197739,267305423042,269512775155
3197740,3199787,267413479386,269630426443
3199788,3201835,267521437741,269747963610
3201836,3203883,267629297113,269865385736
3203884,3205931,267737075815,269982711010
3205932,3207979,267844756949,270099922690
3207980,3210027,267952339521,270217019858
3210028,3212075,268059841782,270334020637
3212076,3214123,268167246893,270450908346
3214124,3216171,268274553859,270567682067
3216172,3218219,268381780872,270684359860
3218220,3220267,268488911149,270800925102
3220268,3222315,268595943699,270917376878
3222316,3224363,268702896649,271033733183
3224364,3226411,268809753276,271149977454
3226412,3228459,268916512589,271266108777
3228460,3230507,269023192655,271382145084
3230508,3232555,269129776807,271498069869
3232556,3234603,269236264057,271613882221
3234604,3236651,269342672410,271729600008
3236652,3238699,269448985256,271845206783
3238700,3240747,269555201610,271960701637
3240748,3242795,269661339413,272076102373
3242796,3244843,269767382116,272191392606
3244844,3246891,269873328732,272306571424
3246892,3248939,269979197144,272421656571
3248940,3250987,270084970858,272536631716
3250988,3253035,270190648889,272651495953
3253036,3255083,270296249060,272766266961
3255084,3257131,270401754933,272880928467
3257132,3259179,270507165525,272995479566
3259180,3261227,270612498598,273109937876
3261228,3263275,270717737771,273224287181
3263276,3265323,270822882062,273338526578
3265324,3267371,270927949174,273452673621
3267372,3269419,271032922781,273566712154
3269420,3271467,271137801904,273680641274
3271468,3273515,271242604184,273794478474
3273516,3275563,271347313353,273908207654
3275564,3277611,271451928433,274021827913
3277612,3279659,271556467005,274135356683
3279660,3281707,271660912856,274248777921
3281708,3283755,271765265011,274362090727
3283756,3285803,271869540992,274475312473
3285804,3287851,271973724640,274588427170
3287852,3289899,272077814981,274701433921
3289900,3291947,272181829480,274814350037
3291948,3293995,272285752033,274927159586
3293996,3296043,272389581666,275039861672
3296044,3298091,272493335786,275152473545
3298092,3300139,272596998344,275264979330
3300140,3302187,275376688804,275377378131
3302188,3304235,275478661724,275489687139
3304236,3306283,275580545488,275601890533
3306284,3308331,275682339166,275713987421
3308332,3310379,275784059859,275825994934
3310380,3312427,275885691764,275937897304
3312428,3314475,275987233953,276049693642
3314476,3316523,276088703468,276161401019
3316524,3318571,276190084561,276273003723
3318572,3320619,276291376305,276384500865
3320620,3322667,276392595686,276495909458
3322668,3324715,276493727008,276607213844
3324716,3326763,276594769347,276718413136
3326764,3328811,276695739631,276829524288
3328812,3330859,276796622217,276940531697
3330860,3332907,276897416183,277051434477
3332908,3334955,276998138402,277162249523
3334956,3337003,277098773282,277272961286
3337004,3339051,277199319902,277383568882
3339052,3341099,277299795080,277494089148
3341100,3343147,277400183277,277604506588
3343148,3345195,277500483573,277714820321
3345196,3347243,277600712730,277825047124
3347244,3349291,277700855261,277935171558
3349292,3351339,277800910248,278045192739
3351340,3353387,277900894396,278155127390
3353388,3355435,278000792273,278264960123
3355436,3357483,278100602960,278374690056
3357484,3359531,278200343109,278484333856
3359532,3361579,278299997336,278593876187
3361580,3363627,278399564727,278703316169
3363628,3365675,278499061877,278812670411
3365676,3367723,278598473455,278921923629
3367724,3369771,278697798547,279031074947
3369772,3371819,278797053695,279140140916
3371820,3373867,278896223618,279249106305
3373868,3375915,278995307404,279357970238
3375916,3377963,279094321539,279466749211
3377964,3380011,279193250796,279575428045
3380012,3382059,279292094261,279684005865
3382060,3384107,279390868369,279792499112
3384108,3386155,279489557942,279900892656
3386156,3388203,279588162067,280009185627
3388204,3390251,279686697127,280117394408
3390252,3392299,279785147992,280225503922
3392300,3394347,279883513754,280333513299
3394348,3396395,279981810738,280441438867
3396396,3398443,280080023868,280549265602
3398444,3400491,280178152234,280656992633
3400492,3402539,280276212112,280764636234
3402540,3404587,280374188472,280872181432
3404588,3406635,280472080408,280979627357
3406636,3408683,280569904141,281086990230
3408684,3410731,280667644692,281194255125
3410732,3412779,280765301155,281301421178
3412780,3414827,280862889700,281408504551
3414828,3416875,280960395397,281515490373
3416876,3418923,281057817341,281622377777
3418924,3420971,281155171649,281729182874
3420972,3423019,281252443441,281835890841
3423020,3425067,281349631814,281942500815
3425068,3427115,281446752833,282049028851
3427116,3429163,281543791664,282155460176
3429164,3431211,281640747408,282261793928
3431212,3433259,281737636077,282368046110
3433260,3435307,281834442887,282474201998
3435308,3437355,281931166938,282580260732
3437356,3439403,282027824193,282686237468
3439404,3441451,282124399915,282792117426
3441452,3443499,282220893206,282897900641
3443500,3445547,282317319977,283003603009
3445548,3447595,282413665540,283109209906
3447596,3449643,282509928997,283214720473
3449644,3451691,282606126209,283320150556
3451692,3453739,282702242535,283425485576
3453740,3455787,282798277080,283530724680
3455788,3457835,282894245652,283635883657
3457836,3459883,282990133660,283740947979
3459884,3461931,283085940208,283845916794
3461932,3463979,283181681056,283950805840
3463980,3466027,283277341658,284055600636
3466028,3468075,283372921120,284160300331
3468076,3470123,283468435153,284264920611
3470124,3472171,283563869256,284369447044
3472172,3474219,283659222540,284473878780
3474220,3476267,283754510661,284578231455
3476268,3478315,283849719169,284682490682
3478316,3480363,283944847174,284786655615
3480364,3482411,284039910283,284890741836
3482412,3484459,284134894094,284994735008
3484460,3486507,284229797715,285098634285
3486508,3488555,284324636708,285202455198
3488556,3490603,284419396712,285306183459
3490604,3492651,284514076842,285409818221
3492652,3494699,284608692606,285513374965
3494700,3496747,284703229693,285616839449
3496748,3498795,284797687216,285720210830
3498796,3500843,284892080637,285823504537
3500844,3502891,284986395689,285926706376
3502892,3504939,285080631487,286029815504
3504940,3506987,285174803443,286132847299
3506988,3509035,285268897338,286235787615
3509036,3511083,285362912286,286338635609
3511084,3513131,285456863653,286441406612
3513132,3515179,285550737263,286544086521
3515180,3517227,285644532234,286646674497
3517228,3519275,285738263881,286749185818
3519276,3521323,285831918075,286851606431
3521324,3523371,285925493934,286953935495
3523372,3525419,286019006727,287056188241
3525420,3527467,286112442367,287158350660
3527468,3529515,286205799976,287260421914
3529516,3531563,286299094774,287362417183
3531564,3533611,286392312720,287464322505
3533612,3535659,286485452936,287566137043
3535660,3537707,286578530595,287667875928
3537708,3539755,286671531700,287769525243
3539756,3541803,286764455376,287871084153
3541804,3543851,286857316746,287972567741
3543852,3545899,286950101860,288073962132
3545900,3547947,287042809842,288175266497
3547948,3549995,287135455770,288276495865
3549996,3552043,287228025737,288377636412
3552044,3554091,287320518868,288478687305
3554092,3556139,287412950195,288579663529
3556140,3558187,287505305855,288680551301
3558188,3560235,287597584974,288781349792
3560236,3562283,287689802538,288882073938
3562284,3564331,287781944725,288982710001
3564332,3566379,287874010666,289083257153
3566380,3568427,287966015297,289183730282
3568428,3570475,288057944844,289284115694
3570476,3572523,288149798435,289384412564
3572524,3574571,288241590963,289484635730
3574572,3576619,288333308694,289584771545
3576620,3578667,288424950761,289684819182
3578668,3580715,288516532008,289784793435
3580716,3582763,288608038746,289884680698
3582764,3584811,288699470107,289984480148
3584812,3586859,288790840893,290084206530
3586860,3588907,288882137455,290183846282
3588908,3590955,288973358927,290283398582
3590956,3593003,289064520065,290382878129
3593004,3595051,289155607263,290482271404
3595052,3597099,289246619658,290581577588
3597100,3599147,289337571958,290680811331
3599148,3601195,289428450602,290779959158
3601196,3603243,289519254726,290879020252
3603244,3605291,289609998994,290978009215
3605292,3607339,289700669886,291076912616
3607340,3609387,289791266542,291175729640
3609388,3611435,289881803579,291274474842
3611436,3613483,289972267520,291373134834
3613484,3615531,290062657506,291471708802
3615532,3617579,290152988109,291570211256
3617580,3619627,290243245894,291668628851
3619628,3621675,290333430003,291766960772
3621676,3623723,290423554965,291865221485
3623724,3625771,290513607385,291963397687
3625772,3627819,290603586407,292061488565
3627820,3629867,290693506516,292159508538
3629868,3631915,290783354359,292257444345
3631916,3633963,290873129079,292355295177
3633964,3636011,290962845119,292453075406
3636012,3638059,291052489166,292550771814
3638060,3640107,291142060367,292648383591
3640108,3642155,291231573117,292745925065
3642156,3644203,291321014147,292843383061
3644204,3646251,291410382604,292940756770
3646252,3648299,291499692841,293038060474
3648300,3650347,291588931629,293135281040
3650348,3652395,291678098115,293232417661
3652396,3654443,291767206610,293329484574
3654444,3656491,291856243926,293426468686
3656492,3658539,291945209210,293523369194
3658540,3660587,292034116731,293620200289
3660588,3662635,292122953339,293716948920
3662636,3664683,292211718187,293813614283
3664684,3666731,292300425496,293910210528
3666732,3668779,292389062160,294006724643
3668780,3670827,292477627331,294103155826
3670828,3672875,292566135188,294199518182
3672876,3674923,292654572666,294295798742
3674924,3676971,292742938916,294391996704
3676972,3679019,292831248077,294488126128
3679020,3681067,292919487122,294584174087
3681068,3683115,293007655204,294680139780
3683116,3685163,293095766420,294776037225
3685164,3687211,293183807781,294871853532
3687212,3689259,293271778445,294967587905
3689260,3691307,293359692462,295063254315
3691308,3693355,293447536887,295158839916
3693356,3695403,293535310875,295254343910
3695404,3697451,293623028438,295349780227
3697452,3699499,293710676668,295445136060
3699500,3701547,293798254721,295540410613
3701548,3703595,293885776569,295635617773
3703596,3705643,293973229342,295730744771
3705644,3707691,294060612198,295825790815
3707692,3709739,294147939066,295920769747
3709740,3711787,294235197115,296015668840
3711788,3713835,294322385507,296110487301
3713836,3715883,294409518127,296205238931
3715884,3717931,294496582184,296299911041
3717932,3719979,294583576840,296394502842
3719980,3722027,294670515939,296489028090
3722028,3724075,294757386730,296583474136
3724076,3726123,294844188375,296677840192
3726124,3728171,294930934678,296772139972
3728172,3730219,295017612925,296866360867
3730220,3732267,295104222281,296960502091
3732268,3734315,295190776507,297054577313
3734316,3736363,295277262930,297148573966
3736364,3738411,295363680707,297242491262
3738412,3740459,295450043549,297336342832
3740460,3742507,295536338837,297430116145
3742508,3744555,295622565738,297523810416
3744556,3746603,295708737933,297617439234
3746604,3748651,295794842823,297710990105
3748652,3750699,295880879576,297804462247
3750700,3752747,295966861833,297897869207
3752748,3754795,296052777032,297991198530
3754796,3756843,296138624344,298084449434
3756844,3758891,296224417368,298177635426
3758892,3760939,296310143580,298270744089
3760940,3762987,296395802153,298363774643
3762988,3765035,296481406645,298456740552
3765036,3767083,296566944572,298549629438
3767084,3769131,296652415104,298642440523
3769132,3771179,296737831763,298735187229
3771180,3773227,296823182100,298827857217
3773228,3775275,296908465288,298920449710
3775276,3777323,296993694808,299012978089
3777324,3779371,297078858249,299105430053
3779372,3781419,297163954784,299197804826
3781420,3783467,297248997856,299290115749
3783468,3785515,297333975089,299382350558
3785516,3787563,297418885660,299474508479
3787564,3789611,297503742970,299566602811
3789612,3791659,297588534682,299658621329
3791660,3793707,297673259973,299750563260
3793708,3795755,297757932206,299842437187
3795756,3797803,297842539079,299934235432
3797804,3799851,297927079772,300025957287
3799852,3801899,298011567607,300117615970
3801900,3803947,298095990320,300209199329
3803948,3805995,298180347092,300300706592
3805996,3808043,298264651206,300392150938
3808044,3810091,298348890435,300483520252
3810092,3812139,298433063959,300574813762
3812140,3814187,298517185026,300666044609
3814188,3816235,298601241442,300757200712
3816236,3818283,298685232390,300848281305
3818284,3820331,298769171079,300939299485
3820332,3822379,298853045351,301030243211
3822380,3824427,298936854390,301121111715
3824428,3826475,299020611366,301211918058
3826476,3828523,299104304159,301302650232
3828524,3830571,299187931954,301393307474
3830572,3832619,299271507881,301483902802
3832620,3834667,299355019856,301574424248
3834668,3836715,299438467066,301664871047
3836716,3838763,299521862603,301755256181
3838764,3840000,299605194419,301845567716
